{"version":"1.0.0","aspect":"9:16","type":"sticker","modules":[{"id":"Sticker-1","module":"Sticker","fps":15,"rotation":0,"opacity":255,"blendtype":0,"images":["resource/200ea.png","resource/6181e.png","resource/28629.png","resource/b61e5.png","resource/2c1d2.png","resource/6297c.png","resource/993c4.png","resource/a28c0.png","resource/b6ad2.png","resource/c7ae9.png","resource/5e4e3.png"],"position":[5.394164999999987,67.18218999999999],"size":[541,186],"scale":[0.8453125,0.8454545454545455],"follow":{"type":"face_rig","part":2},"play":{"type":"always","times":5,"duration":5},"start":{"animation":{"action":"Sequene","actionList":[{"action":"FadeOut","duration":0},{"action":"Delay","duration":0},{"action":"FadeTo","duration":0,"opacity":255},{"action":"Sequene","actionList":[{"action":"FadeFromTo","duration":0,"fromOpacity":0,"toOpacity":255}]}]}},"end":{"animation":{"action":"Sequene","actionList":[{"action":"Delay","duration":0},{"action":"Sequene","actionList":[{"action":"FadeOut","duration":0}]}]}}}]}
