{"version":"1.0.0","aspect":"9:16","type":"sticker","modules":[{"id":"Sticker-1","module":"Sticker","fps":15,"rotation":0,"opacity":255,"blendtype":0,"images":["resource/505ee.png","resource/8da40.png","resource/7affe.png","resource/22200.png","resource/ebbe7.png","resource/97b4a.png","resource/92cb6.png","resource/92cb6.png","resource/2c708.png","resource/2c708.png","resource/36a62.png","resource/27ad3.png"],"position":[11.394164999999987,-175.81781],"size":[881,881],"scale":[2.2025,2.2025],"follow":{"type":"face_rig","part":2},"play":{"type":"always","times":5,"duration":5},"start":{"animation":{"action":"Sequene","actionList":[{"action":"FadeOut","duration":0},{"action":"Delay","duration":0},{"action":"FadeTo","duration":0,"opacity":255},{"action":"Sequene","actionList":[{"action":"FadeFromTo","duration":0,"fromOpacity":0,"toOpacity":255}]}]}},"end":{"animation":{"action":"Sequene","actionList":[{"action":"Delay","duration":0},{"action":"Sequene","actionList":[{"action":"FadeOut","duration":0}]}]}}}]}
