{"version":"1.0.0","aspect":"9:16","type":"sticker","modules":[{"id":"Sticker-1","module":"Sticker","fps":15,"rotation":0,"opacity":255,"blendtype":0,"images":["resource/7be77.png","resource/a875a.png","resource/23154.png","resource/790d5.png","resource/8eb61.png","resource/562c1.png","resource/fac13.png","resource/d969b.png","resource/e6658.png","resource/28fbe.png","resource/6e8fa.png","resource/37c08.png","resource/aef29.png","resource/779f8.png","resource/a9c7b.png","resource/ec4c4.png"],"position":[7.394164999999987,245.18219],"size":[876,876],"scale":[2.19,2.19],"follow":{"type":"face_rig","part":2},"play":{"type":"always","times":5,"duration":5},"start":{"animation":{"action":"Sequene","actionList":[{"action":"FadeOut","duration":0},{"action":"Delay","duration":0},{"action":"FadeTo","duration":0,"opacity":255},{"action":"Sequene","actionList":[{"action":"FadeFromTo","duration":0,"fromOpacity":0,"toOpacity":255}]}]}},"end":{"animation":{"action":"Sequene","actionList":[{"action":"Delay","duration":0},{"action":"Sequene","actionList":[{"action":"FadeOut","duration":0}]}]}}}]}
