{"version":"1.0.0","aspect":"9:16","type":"sticker","modules":[{"id":"Sticker-1","module":"Sticker","fps":15,"rotation":0,"opacity":255,"blendtype":0,"images":["resource/641b4.png","resource/ffdea.png","resource/bad76.png","resource/c4bfa.png","resource/33300.png","resource/4bec2.png","resource/a6fc2.png","resource/1a25c.png","resource/557a7.png","resource/f89b3.png","resource/3e24c.png","resource/dd50d.png","resource/a7ad2.png","resource/a7ad2.png","resource/dd50d.png","resource/3e24c.png","resource/dd50d.png","resource/dd50d.png","resource/a7ad2.png","resource/dd50d.png","resource/3e24c.png","resource/3e24c.png","resource/dd50d.png","resource/a7ad2.png","resource/dd50d.png","resource/dd50d.png","resource/3e24c.png","resource/dd50d.png","resource/a7ad2.png","resource/a7ad2.png","resource/dd50d.png","resource/3e24c.png","resource/dd50d.png","resource/dd50d.png","resource/a7ad2.png","resource/dd50d.png","resource/3e24c.png","resource/3e24c.png","resource/dd50d.png","resource/a7ad2.png","resource/dd50d.png","resource/dd50d.png","resource/3e24c.png","resource/dd50d.png","resource/a7ad2.png","resource/a7ad2.png","resource/dd50d.png","resource/3e24c.png","resource/dd50d.png","resource/dd50d.png"],"position":[21.394164999999987,58.18218999999999],"size":[786,557],"scale":[2.068421052631579,2.062962962962963],"follow":{"type":"face_rig","part":2},"play":{"type":"always","times":5,"duration":5},"start":{"animation":{"action":"Sequene","actionList":[{"action":"FadeOut","duration":0},{"action":"Delay","duration":0},{"action":"FadeTo","duration":0,"opacity":255},{"action":"Sequene","actionList":[{"action":"FadeFromTo","duration":0,"fromOpacity":0,"toOpacity":255}]}]}},"end":{"animation":{"action":"Sequene","actionList":[{"action":"Delay","duration":0},{"action":"Sequene","actionList":[{"action":"FadeOut","duration":0}]}]}}}]}
