{
  "panelBg": "#50000000",
  "tabColorNormal": "#BEBEBE",
  "tabColorSelected": "#00BCDE",
  "tabWidth": -2,
  "tabHeight": -2,
  "tabNameTextSize": 16,
  "tabInfoList": [
    {
      "tabId": 1,
      "tabType": 11000,
      "tabName": "@beauty",
      "tabColorNormal": "#eeffffff",
      "tabColorSelected": "#20C1DC",
      "tabDefaultSelectedIndex": 0,
      "diyEnable": true,
      "tabItemInfoList": [
        {
          "itemId": 2,
          "itemType": 11000,
          "itemName": "@style_base",
          "itemIconNormal": "@beauty_ic_smooth",
          "itemIconSelected": "@focus"
        },
        {
          "itemId": 3,
          "itemType": 11000,
          "itemName": "@style_fashion",
          "itemIconNormal": "@beauty_ic_smooth",
          "itemIconSelected": "@focus"
        },
        {
          "itemId": 4,
          "itemType": 11000,
          "itemName": "@style_meihuo",
          "itemIconNormal": "@beauty_ic_smooth",
          "itemIconSelected": "@focus"
        },
        {
          "itemId": 5,
          "itemType": 11000,
          "itemName": "@style_cute",
          "itemIconNormal": "@beauty_ic_smooth",
          "itemIconSelected": "@focus"
        },
        {
          "itemId": 6,
          "itemType": 11000,
          "itemName": "@style_girl",
          "itemIconNormal": "@beauty_ic_smooth",
          "itemIconSelected": "@focus"
        }
      ],
      "diyItemInfoList": [
        {
          "itemId": 31,
          "itemType": 11000,
          "itemName": "@skin_whiting",
          "itemIconNormal": "whitening",
          "itemIconSelected": "whitening_selected",
          "progressMin": 0,
          "progressDefault": 30,
          "progressMax": 100
        },
        {
          "itemId": 32,
          "itemType": 11000,
          "itemName": "@skin_red",
          "itemIconNormal": "skinRed",
          "itemIconSelected": "skinRed_selected",
          "progressMin": 0,
          "progressDefault": 30,
          "progressMax": 100
        },
        {
          "itemId": 33,
          "itemType": 11000,
          "itemName": "@skin_buffing",
          "itemIconNormal": "skinBuffing",
          "itemIconSelected": "skinBuffing_selected",
          "progressMin": 0,
          "progressDefault": 30,
          "progressMax": 100,
          "subItemInfoConfig" : [
            {
              "itemId": 2001,
              "itemType": 11000,
              "itemName": "@skin_buffing_natural",
              "itemIconNormal": "skinBuffing",
              "itemIconSelected": "skinBuffing_selected"
            },
            {
              "itemId": 2002,
              "itemType": 11000,
              "itemName": "@skin_buffing_strong",
              "itemIconNormal": "skinBuffing",
              "itemIconSelected": "skinBuffing_selected"
            }
          ]
        },
        {
          "itemId": 34,
          "itemType": 11000,
          "itemName": "@skin_sharpen",
          "itemIconNormal": "sharpen",
          "itemIconSelected": "sharpen_selected",
          "progressMin": 0,
          "progressDefault": 30,
          "progressMax": 100
        },
        {
          "itemId": 45,
          "itemType": 11000,
          "itemName": "@skin_saturation",
          "itemIconNormal": "skinSaturation",
          "itemIconSelected": "skinSaturation_selected",
          "progressMin": -100,
          "progressDefault": 30,
          "progressMax": 100
        },
        {
          "itemId": 46,
          "itemType": 11000,
          "itemName": "@skin_contrast",
          "itemIconNormal": "skinContrast",
          "itemIconSelected": "skinContrast_selected",
          "progressMin": -100,
          "progressDefault": 30,
          "progressMax": 100
        },
        {
          "itemId": 35,
          "itemType": 11000,
          "itemName": "@buffing_nasolabialfolds",
          "itemIconNormal": "nasolabialFolds",
          "itemIconSelected": "nasolabialFolds_selected",
          "progressMin": 0,
          "progressDefault": 30,
          "progressMax": 100
        },
        {
          "itemId": 36,
          "itemType": 11000,
          "itemName": "@buffing_pouch",
          "itemIconNormal": "pouch",
          "itemIconSelected": "pouch_selected",
          "progressMin": 0,
          "progressDefault": 30,
          "progressMax": 100
        },
        {
          "itemId": 37,
          "itemType": 11000,
          "itemName": "@buffing_white_teeth",
          "itemIconNormal": "whiteTeeth",
          "itemIconSelected": "whiteTeeth_selected",
          "progressMin": 0,
          "progressDefault": 30,
          "progressMax": 100
        },
        {
          "itemId": 43,
          "itemType": 11000,
          "itemName": "@buffing_neck",
          "itemIconNormal": "neck",
          "itemIconSelected": "neck_selected",
          "progressMin": 0,
          "progressDefault": 30,
          "progressMax": 100
        },
        {
          "itemId": 44,
          "itemType": 11000,
          "itemName": "@buffing_forehead",
          "itemIconNormal": "forehead",
          "itemIconSelected": "forehead_selected",
          "progressMin": 0,
          "progressDefault": 30,
          "progressMax": 100
        },
        {
          "itemId": 38,
          "itemType": 11000,
          "itemName": "@buffing_brighten_eye",
          "itemIconNormal": "brightEye",
          "itemIconSelected": "brightEye_selected",
          "progressMin": 0,
          "progressDefault": 30,
          "progressMax": 100
        },
        {
          "itemId": 39,
          "itemType": 11000,
          "itemName": "@buffing_lipstick",
          "itemIconNormal": "lipstick",
          "itemIconSelected": "lipstick_selected",
          "subItemInfosList": [
            {
              "itemId": 101,
              "itemType": 11000,
              "itemName": "@lipstick_tuhong",
              "progressMin": 0,
              "progressMax": 100
            },
            {
              "itemId": 102,
              "itemType": 11000,
              "itemName": "@lipstick_fenhong",
              "progressMin": 0,
              "progressMax": 100
            },
            {
              "itemId": 103,
              "itemType": 11000,
              "itemName": "@lipstick_fuguhong",
              "progressMin": 0,
              "progressMax": 100
            },
            {
              "itemId": 104,
              "itemType": 11000,
              "itemName": "@lipstick_zihong",
              "progressMin": 0,
              "progressMax": 100
            },
            {
              "itemId": 105,
              "itemType": 11000,
              "itemName": "@lipstick_zhenghong",
              "progressMin": 0,
              "progressMax": 100
            },
            {
              "itemId": 106,
              "itemType": 11000,
              "itemName": "@lipstick_juhong",
              "progressMin": 0,
              "progressMax": 100
            },
            {
              "itemId": 107,
              "itemType": 11000,
              "itemName": "@lipstick_zi",
              "progressMin": 0,
              "progressMax": 100
            },
            {
              "itemId": 108,
              "itemType": 11000,
              "itemName": "@lipstick_ju",
              "progressMin": 0,
              "progressMax": 100
            },
            {
              "itemId": 109,
              "itemType": 11000,
              "itemName": "@lipstick_huang",
              "progressMin": 0,
              "progressMax": 100
            }

          ]
        },
        {
          "itemId": 40,
          "itemType": 11000,
          "itemName": "@buffing_blush",
          "itemIconNormal": "blush",
          "itemIconSelected": "blush_selected",
          "progressMin": 0,
          "progressDefault": 30,
          "progressMax": 100
        },
        {
          "itemId": 41,
          "itemType": 11000,
          "itemName": "@buffing_wrinkles",
          "itemIconNormal": "wrinkles",
          "itemIconSelected": "wrinkles_selected",
          "progressMin": 0,
          "progressDefault": 0,
          "progressMax": 100
        },
        {
          "itemId": 42,
          "itemType": 11000,
          "itemName": "@buffing_brighten_face",
          "itemIconNormal": "brightenFace",
          "itemIconSelected": "brightenFace_selected",
          "progressMin": 0,
          "progressDefault": 0,
          "progressMax": 100
        }
      ]
    },
    {
      "tabId": 1,
      "tabType": 12000,
      "tabName": "@beauty_shape",
      "tabColorNormal": "#eeffffff",
      "tabColorSelected": "#20C1DC",
      "tabDefaultSelectedIndex": 2,
      "diyEnable": true,
      "tabItemInfoList": [],
      "tabItemInfoConfig" : [
        {
          "itemId": 1011,
          "itemType": 12000,
          "itemName": "@mode_baseline",
          "itemIconNormal": "faceshpe_config.png",
          "itemIconSelected": "faceshpe_config_selected.png"
        },
        {
          "itemId": 1012,
          "itemType": 12000,
          "itemName": "@mode_main",
          "itemIconNormal": "faceshpe_config.png",
          "itemIconSelected": "faceshpe_config_selected.png"
        },
        {
          "itemId": 1013,
          "itemType": 12000,
          "itemName": "@mode_high",
          "itemIconNormal": "faceshpe_config.png",
          "itemIconSelected": "faceshpe_config_selected.png"
        },
        {
          "itemId": 1014,
          "itemType": 12000,
          "itemName": "@mode_max",
          "itemIconNormal": "faceshpe_config.png",
          "itemIconSelected": "faceshpe_config_selected.png"
        }
      ]
    },
    {
      "tabId": 1,
      "tabType": 14000,
      "tabName": "@filter_lut",
      "tabColorNormal": "#eeffffff",
      "tabColorSelected": "#20C1DC",
      "tabDefaultSelectedIndex": 0,
      "tabItemInfoList": []
    },
    {
      "tabId": 1,
      "tabType": 15000,
      "tabName": "@face_sticker",
      "tabColorNormal": "#eeffffff",
      "tabColorSelected": "#20C1DC",
      "tabDefaultSelectedIndex": 0,
      "tabItemInfoList": []
    },
    {
      "tabId": 1,
      "tabType": 23000,
      "tabName": "@face_effects",
      "tabColorNormal": "#eeffffff",
      "tabColorSelected": "#20C1DC",
      "tabDefaultSelectedIndex": 0,
      "tabItemInfoList": [
        {
          "itemId": 1,
          "itemType": 23000,
          "itemName": "@face_mosaicing",
          "itemIconNormal": "@face_mosaicing.png",
          "itemIconSelected": "@focus",
          "progressMin": 0,
          "progressMax": 100
        },
        {
          "itemId": 2,
          "itemType": 23000,
          "itemName": "@face_mask",
          "itemIconNormal": "#sticker_1/icon.png",
          "itemIconSelected": "@focus"
        },
        {
          "itemId": 3,
          "itemType": 23000,
          "itemName": "@face_mask",
          "itemIconNormal": "#sticker_2/icon.png",
          "itemIconSelected": "@focus"
        }
      ]
    }
  ],
  "scenesList": [
    {
      "tabId": 1,
      "tabType": 10000,
      "tabName": "@background_ai",
      "tabColorNormal": "#eeffffff",
      "tabColorSelected": "#20C1DC",
      "tabDefaultSelectedIndex": 0,
      "tabItemInfoList": [
        {
          "itemId": 1,
          "itemType": 10000,
          "itemName": "@general",
          "itemIconNormal": "@beauty_ic_smooth",
          "itemIconSelected": "@focus"
        },
        {
          "itemId": 2,
          "itemType": 10000,
          "itemName": "@online",
          "itemIconNormal": "@beauty_ic_smooth",
          "itemIconSelected": "@focus"
        },
        {
          "itemId": 3,
          "itemType": 10000,
          "itemName": "@recreation",
          "itemIconNormal": "@beauty_ic_smooth",
          "itemIconSelected": "@focus"
        },
        {
          "itemId": 4,
          "itemType": 10000,
          "itemName": "@education",
          "itemIconNormal": "@beauty_ic_smooth",
          "itemIconSelected": "@focus"
        }
      ]
    }

  ]
}
