{"version":"1.0.0","aspect":"9:16","type":"sticker","modules":[{"id":"Sticker-1","module":"Sticker","fps":15,"rotation":0,"opacity":255,"blendtype":0,"images":["resource/6baef.png","resource/14f66.png","resource/36a6f.png","resource/def1e.png","resource/6dd6d.png","resource/fc305.png","resource/69977.png","resource/f5305.png","resource/83e97.png","resource/3a834.png","resource/790f4.png","resource/39893.png","resource/c1822.png","resource/054c4.png","resource/965f6.png","resource/e5612.png","resource/6e51a.png","resource/10600.png"],"position":[2.3520809999999983,8.456177000000025],"size":[482,254],"scale":[1.1314553990610328,1.1339285714285714],"follow":{"type":"face_rig","part":1},"play":{"type":"always","times":5,"duration":5},"start":{"animation":{"action":"Sequene","actionList":[{"action":"FadeOut","duration":0},{"action":"Delay","duration":0},{"action":"FadeTo","duration":0,"opacity":255},{"action":"Sequene","actionList":[{"action":"FadeFromTo","duration":0,"fromOpacity":0,"toOpacity":255}]}]}},"end":{"animation":{"action":"Sequene","actionList":[{"action":"Delay","duration":0},{"action":"Sequene","actionList":[{"action":"FadeOut","duration":0}]}]}}}]}
