{"version":"2.0.14","mediaAIVersion":200,"aspect":"9:16","type":"sticker","modules":[{"id":"Sticker-2","module":"Sticker","zorder":1,"images":["resource/734ba.png","resource/14e73.png"],"fps":6,"position":[-0.7664179999999874,-13.382812000000001],"size":[797,654],"rotation":0,"opacity":255,"blendtype":0,"segment":0,"scale":[2.1253333333333333,2.1302931596091206],"follow":{"type":"face_rig","part":0},"play":{"type":"always","times":5,"duration":5},"trigger":{"triggerType":"face","triggerName":"FACE_APPEAR"},"start":{},"end":{}}]}
