{"version":"1.0.0","aspect":"9:16","type":"sticker","modules":[{"id":"Sticker-1","module":"Sticker","fps":15,"rotation":0,"opacity":255,"blendtype":0,"images":["resource/b36bd.png","resource/96f89.png","resource/6b30c.png","resource/63f14.png","resource/d9506.png","resource/3bd66.png","resource/49ec6.png","resource/8e079.png","resource/2e211.png","resource/3111f.png","resource/7d9ff.png","resource/2567f.png","resource/78e9b.png","resource/69952.png","resource/b10e4.png","resource/c253b.png","resource/ffc04.png","resource/5a559.png","resource/8724f.png","resource/9809d.png","resource/143e8.png","resource/45d7d.png","resource/a9271.png","resource/b6cb5.png"],"position":[0.2335820000000126,-11.382812000000001],"size":[640,220],"scale":[1,1],"follow":{"type":"face_rig","part":0},"play":{"type":"always","times":5,"duration":5},"start":{"animation":{"action":"Sequene","actionList":[{"action":"FadeOut","duration":0},{"action":"Delay","duration":0},{"action":"FadeTo","duration":0,"opacity":255},{"action":"Sequene","actionList":[{"action":"FadeFromTo","duration":0,"fromOpacity":0,"toOpacity":255}]}]}},"end":{"animation":{"action":"Sequene","actionList":[{"action":"Delay","duration":0},{"action":"Sequene","actionList":[{"action":"FadeOut","duration":0}]}]}}}]}
