{"version":"2.0.14","mediaAIVersion":200,"aspect":"9:16","type":"sticker","modules":[{"id":"Sticker-2","module":"Sticker","zorder":1,"images":["resource/f0763.png","resource/0c535.png"],"fps":6,"position":[-19.647919,-131.54382299999997],"size":[722,620],"rotation":0,"opacity":255,"blendtype":0,"segment":0,"scale":[1.9253333333333333,2.026143790849673],"follow":{"type":"face_rig","part":1},"play":{"type":"always","times":5,"duration":5},"trigger":{"triggerType":"face","triggerName":"FACE_APPEAR"},"start":{},"end":{}}]}
