{"version":"1.0.0","aspect":"9:16","type":"sticker","modules":[{"id":"Sticker-1","module":"Sticker","fps":15,"rotation":0,"opacity":255,"blendtype":0,"images":["resource/2cd64.png","resource/68022.png","resource/68022.png","resource/68022.png","resource/68022.png","resource/68022.png","resource/68022.png","resource/68022.png","resource/68022.png","resource/68022.png","resource/ccd6c.png","resource/ccd6c.png","resource/ccd6c.png","resource/ccd6c.png","resource/ccd6c.png","resource/ccd6c.png","resource/ccd6c.png","resource/ccd6c.png","resource/ccd6c.png","resource/ccd6c.png","resource/f36ea.png","resource/f36ea.png","resource/f36ea.png","resource/f36ea.png","resource/f36ea.png","resource/f36ea.png","resource/f36ea.png","resource/f36ea.png","resource/f36ea.png","resource/f36ea.png","resource/f36ea.png","resource/f36ea.png","resource/f36ea.png","resource/f36ea.png","resource/f36ea.png"],"position":[-7.766417999999987,182.617188],"size":[960,960],"scale":[1.92,1.92],"follow":{"type":"face_rig","part":0},"play":{"type":"always","times":5,"duration":5},"start":{"animation":{"action":"Sequene","actionList":[{"action":"FadeOut","duration":0},{"action":"Delay","duration":0},{"action":"FadeTo","duration":0,"opacity":255},{"action":"Sequene","actionList":[{"action":"FadeFromTo","duration":0,"fromOpacity":0,"toOpacity":255}]}]}},"end":{"animation":{"action":"Sequene","actionList":[{"action":"Delay","duration":0},{"action":"Sequene","actionList":[{"action":"FadeOut","duration":0}]}]}}}]}
