{"version":"1.0.0","aspect":"9:16","type":"sticker","modules":[{"id":"Sticker-1","module":"Sticker","fps":15,"rotation":0,"opacity":255,"blendtype":0,"images":["resource/d0ad0.png","resource/3304e.png","resource/1cc67.png","resource/b2e0c.png","resource/774b2.png","resource/c6d35.png","resource/de0c6.png","resource/774b2.png","resource/c6d35.png","resource/de0c6.png","resource/774b2.png","resource/c6d35.png","resource/4f685.png","resource/25758.png","resource/58148.png","resource/d020f.png","resource/06ebc.png","resource/816f4.png","resource/3e530.png","resource/0fa2a.png","resource/806bf.png","resource/d2eca.png","resource/0fa2a.png","resource/806bf.png","resource/d2eca.png","resource/0fa2a.png","resource/806bf.png","resource/d2eca.png","resource/0fa2a.png","resource/806bf.png","resource/d2eca.png","resource/0fa2a.png","resource/806bf.png","resource/d2eca.png","resource/0fa2a.png","resource/806bf.png","resource/d2eca.png","resource/0fa2a.png","resource/806bf.png","resource/d2eca.png","resource/0fa2a.png","resource/806bf.png","resource/d2eca.png","resource/0fa2a.png","resource/806bf.png","resource/d2eca.png","resource/0fa2a.png","resource/806bf.png","resource/d2eca.png","resource/0fa2a.png"],"position":[-97.60583500000001,-77.81781000000001],"size":[1082,1082],"scale":[2.4044444444444446,2.4044444444444446],"follow":{"type":"face_rig","part":2},"play":{"type":"always","times":5,"duration":5},"start":{"animation":{"action":"Sequene","actionList":[{"action":"FadeOut","duration":0},{"action":"Delay","duration":0},{"action":"FadeTo","duration":0,"opacity":255},{"action":"Sequene","actionList":[{"action":"FadeFromTo","duration":0,"fromOpacity":0,"toOpacity":255}]}]}},"end":{"animation":{"action":"Sequene","actionList":[{"action":"Delay","duration":0},{"action":"Sequene","actionList":[{"action":"FadeOut","duration":0}]}]}}}]}
