{"version":"2.0.14","mediaAIVersion":200,"aspect":"9:16","type":"sticker","modules":[{"id":"Sticker-1","module":"Sticker","zorder":1,"images":["resource/93351.png","resource/3e65b.png"],"fps":5,"position":[360,640],"size":[720,1279],"rotation":0,"opacity":255,"blendtype":0,"segment":0,"scale":[1.92,1.9175412293853074],"follow":{"type":"fixed_anchor","part":2,"fitMode":1},"play":{"type":"always","times":5,"duration":5},"trigger":{"triggerType":"face","triggerName":"FACE_APPEAR"},"start":{},"end":{}}]}
