{"version":"1.0.0","aspect":"9:16","type":"sticker","modules":[{"id":"Sticker-1","module":"Sticker","fps":15,"rotation":0,"opacity":255,"blendtype":0,"images":["resource/3db78.png","resource/cb9ba.png","resource/e28ec.png","resource/c7fca.png","resource/cf0dd.png","resource/65b63.png","resource/1852b.png","resource/4aedd.png","resource/51588.png","resource/1e384.png","resource/4b7a2.png","resource/ca2c0.png","resource/9cc03.png","resource/5e16b.png","resource/79923.png","resource/dbe6e.png"],"position":[2.2335820000000126,-0.38281200000000126],"size":[795,946],"scale":[1.59,1.5899159663865545],"follow":{"type":"face_rig","part":0},"play":{"type":"always","times":5,"duration":5},"start":{"animation":{"action":"Sequene","actionList":[{"action":"FadeOut","duration":0},{"action":"Delay","duration":0},{"action":"FadeTo","duration":0,"opacity":255},{"action":"Sequene","actionList":[{"action":"FadeFromTo","duration":0,"fromOpacity":0,"toOpacity":255}]}]}},"end":{"animation":{"action":"Sequene","actionList":[{"action":"Delay","duration":0},{"action":"Sequene","actionList":[{"action":"FadeOut","duration":0}]}]}}}]}
