{"version":"1.0.0","aspect":"9:16","type":"sticker","modules":[{"id":"Sticker-1","module":"Sticker","fps":15,"rotation":0,"opacity":255,"blendtype":0,"images":["resource/f2fcb.png","resource/f2fcb.png","resource/bcd68.png","resource/bcd68.png","resource/f2fcb.png","resource/f2fcb.png","resource/bcd68.png","resource/bcd68.png","resource/f2fcb.png","resource/f2fcb.png","resource/bcd68.png","resource/bcd68.png","resource/f2fcb.png","resource/f2fcb.png","resource/bcd68.png","resource/bcd68.png","resource/f2fcb.png"],"position":[-8.605835000000013,43.18218999999999],"size":[315,138],"scale":[0.4921875,0.4928571428571429],"follow":{"type":"face_rig","part":2},"play":{"type":"always","times":5,"duration":5},"start":{"animation":{"action":"Sequene","actionList":[{"action":"FadeOut","duration":0},{"action":"Delay","duration":0},{"action":"FadeTo","duration":0,"opacity":255},{"action":"Sequene","actionList":[{"action":"FadeFromTo","duration":0,"fromOpacity":0,"toOpacity":255}]}]}},"end":{"animation":{"action":"Sequene","actionList":[{"action":"Delay","duration":0},{"action":"Sequene","actionList":[{"action":"FadeOut","duration":0}]}]}}}]}
