{"version":"1.0.0","aspect":"9:16","type":"sticker","modules":[{"id":"Sticker-1","module":"Sticker","fps":15,"rotation":0,"opacity":255,"blendtype":0,"images":["resource/baa95.png","resource/a3a99.png","resource/351da.png","resource/1a778.png","resource/d04d1.png","resource/e6ccf.png","resource/3b272.png","resource/daa54.png","resource/a2859.png","resource/88289.png","resource/ddcfd.png","resource/dfd9c.png","resource/fa3bf.png","resource/7a974.png","resource/256c6.png","resource/7e8e3.png","resource/2543f.png","resource/bd8b8.png","resource/46231.png","resource/8deb4.png"],"position":[1.3941649999999868,-327.81781],"size":[892,1035],"scale":[1.784,1.7844827586206897],"follow":{"type":"face_rig","part":2},"play":{"type":"always","times":5,"duration":5},"start":{"animation":{"action":"Sequene","actionList":[{"action":"FadeOut","duration":0},{"action":"Delay","duration":0},{"action":"FadeTo","duration":0,"opacity":255},{"action":"Sequene","actionList":[{"action":"FadeFromTo","duration":0,"fromOpacity":0,"toOpacity":255}]}]}},"end":{"animation":{"action":"Sequene","actionList":[{"action":"Delay","duration":0},{"action":"Sequene","actionList":[{"action":"FadeOut","duration":0}]}]}}}]}
