{"version":"2.0.14","mediaAIVersion":200,"aspect":"9:16","type":"sticker","modules":[{"id":"Sticker-1","module":"Sticker","zorder":1,"images":["resource/00390.png","resource/e7dfc.png"],"fps":5,"position":[361,642],"size":[722,1284],"rotation":0,"opacity":255,"blendtype":0,"segment":0,"scale":[1.9253333333333333,1.9250374812593702],"follow":{"type":"fixed_anchor","part":2,"fitMode":1},"play":{"type":"always","times":5,"duration":5},"trigger":{"triggerType":"face","triggerName":"FACE_APPEAR"},"start":{},"end":{}}]}
