{"version":"2.0.14","mediaAIVersion":200,"aspect":"9:16","type":"sticker","modules":[{"id":"Sticker-2","module":"Sticker","zorder":1,"images":["resource/18ec5.png","resource/b5b9b.png"],"fps":6,"position":[21.394164999999987,-88.81781000000001],"size":[736,992],"rotation":0,"opacity":255,"blendtype":0,"segment":0,"scale":[2.108882521489971,2.115138592750533],"follow":{"type":"face_rig","part":2},"play":{"type":"always","times":5,"duration":5},"trigger":{"triggerType":"face","triggerName":"FACE_APPEAR"},"start":{},"end":{}}]}
