{
  "panelBg": "#50000000",
  "tabColorNormal": "#BEBEBE",
  "tabColorSelected": "#00BCDE",
  "tabWidth": -2,
  "tabHeight": -2,
  "tabNameTextSize": 16,
  "tabInfoList": [
    {
      "tabId": 1,
      "tabType": 11000,
      "tabName": "@beauty",
      "tabColorNormal": "#eeffffff",
      "tabColorSelected": "#20C1DC",
      "tabDefaultSelectedIndex": 0,
      "diyEnable": true,
      "tabItemInfoList": [
        {
          "itemId": 2,
          "itemType": 11000,
          "itemName": "@style_base",
          "itemIconNormal": "@beauty_ic_smooth",
          "itemIconSelected": "@focus"
        },
        {
          "itemId": 3,
          "itemType": 11000,
          "itemName": "@style_fashion",
          "itemIconNormal": "@beauty_ic_smooth",
          "itemIconSelected": "@focus"
        },
        {
          "itemId": 4,
          "itemType": 11000,
          "itemName": "@style_meihuo",
          "itemIconNormal": "@beauty_ic_smooth",
          "itemIconSelected": "@focus"
        },
        {
          "itemId": 5,
          "itemType": 11000,
          "itemName": "@style_cute",
          "itemIconNormal": "@beauty_ic_smooth",
          "itemIconSelected": "@focus"
        },
        {
          "itemId": 6,
          "itemType": 11000,
          "itemName": "@style_girl",
          "itemIconNormal": "@beauty_ic_smooth",
          "itemIconSelected": "@focus"
        }
      ],
      "diyItemInfoList": [
        {
          "itemId": 31,
          "itemType": 11000,
          "itemName": "@skin_whiting",
          "itemIconNormal": "whitening",
          "itemIconSelected": "whitening_selected",
          "progressMin": 0,
          "progressDefault": 30,
          "progressMax": 100
        },
        {
          "itemId": 32,
          "itemType": 11000,
          "itemName": "@skin_red",
          "itemIconNormal": "skinRed",
          "itemIconSelected": "skinRed_selected",
          "progressMin": 0,
          "progressDefault": 30,
          "progressMax": 100
        },
        {
          "itemId": 33,
          "itemType": 11000,
          "itemName": "@skin_buffing",
          "itemIconNormal": "skinBuffing",
          "itemIconSelected": "skinBuffing_selected",
          "progressMin": 0,
          "progressDefault": 30,
          "progressMax": 100,
          "subItemInfoConfig" : [
            {
              "itemId": 2001,
              "itemType": 11000,
              "itemName": "@skin_buffing_natural",
              "itemIconNormal": "skinBuffing",
              "itemIconSelected": "skinBuffing_selected"
            },
            {
              "itemId": 2002,
              "itemType": 11000,
              "itemName": "@skin_buffing_strong",
              "itemIconNormal": "skinBuffing",
              "itemIconSelected": "skinBuffing_selected"
            }
          ]
        },
        {
          "itemId": 34,
          "itemType": 11000,
          "itemName": "@skin_sharpen",
          "itemIconNormal": "sharpen",
          "itemIconSelected": "sharpen_selected",
          "progressMin": 0,
          "progressDefault": 30,
          "progressMax": 100
        },
        {
          "itemId": 45,
          "itemType": 11000,
          "itemName": "@skin_saturation",
          "itemIconNormal": "skinSaturation",
          "itemIconSelected": "skinSaturation_selected",
          "progressMin": -100,
          "progressDefault": 30,
          "progressMax": 100
        },
        {
          "itemId": 46,
          "itemType": 11000,
          "itemName": "@skin_contrast",
          "itemIconNormal": "skinContrast",
          "itemIconSelected": "skinContrast_selected",
          "progressMin": -100,
          "progressDefault": 30,
          "progressMax": 100
        },
        {
          "itemId": 35,
          "itemType": 11000,
          "itemName": "@buffing_nasolabialfolds",
          "itemIconNormal": "nasolabialFolds",
          "itemIconSelected": "nasolabialFolds_selected",
          "progressMin": 0,
          "progressDefault": 30,
          "progressMax": 100
        },
        {
          "itemId": 36,
          "itemType": 11000,
          "itemName": "@buffing_pouch",
          "itemIconNormal": "pouch",
          "itemIconSelected": "pouch_selected",
          "progressMin": 0,
          "progressDefault": 30,
          "progressMax": 100
        },
        {
          "itemId": 37,
          "itemType": 11000,
          "itemName": "@buffing_white_teeth",
          "itemIconNormal": "whiteTeeth",
          "itemIconSelected": "whiteTeeth_selected",
          "progressMin": 0,
          "progressDefault": 30,
          "progressMax": 100
        },
        {
          "itemId": 43,
          "itemType": 11000,
          "itemName": "@buffing_neck",
          "itemIconNormal": "neck",
          "itemIconSelected": "neck_selected",
          "progressMin": 0,
          "progressDefault": 30,
          "progressMax": 100
        },
        {
          "itemId": 44,
          "itemType": 11000,
          "itemName": "@buffing_forehead",
          "itemIconNormal": "forehead",
          "itemIconSelected": "forehead_selected",
          "progressMin": 0,
          "progressDefault": 30,
          "progressMax": 100
        },
        {
          "itemId": 38,
          "itemType": 11000,
          "itemName": "@buffing_brighten_eye",
          "itemIconNormal": "brightEye",
          "itemIconSelected": "brightEye_selected",
          "progressMin": 0,
          "progressDefault": 30,
          "progressMax": 100
        },
        {
          "itemId": 39,
          "itemType": 11000,
          "itemName": "@buffing_lipstick",
          "itemIconNormal": "lipstick",
          "itemIconSelected": "lipstick_selected",
          "subItemInfosList": [
            {
              "itemId": 101,
              "itemType": 11000,
              "itemName": "@lipstick_tuhong",
              "progressMin": 0,
              "progressMax": 100
            },
            {
              "itemId": 102,
              "itemType": 11000,
              "itemName": "@lipstick_fenhong",
              "progressMin": 0,
              "progressMax": 100
            },
            {
              "itemId": 103,
              "itemType": 11000,
              "itemName": "@lipstick_fuguhong",
              "progressMin": 0,
              "progressMax": 100
            },
            {
              "itemId": 104,
              "itemType": 11000,
              "itemName": "@lipstick_zihong",
              "progressMin": 0,
              "progressMax": 100
            },
            {
              "itemId": 105,
              "itemType": 11000,
              "itemName": "@lipstick_zhenghong",
              "progressMin": 0,
              "progressMax": 100
            },
            {
              "itemId": 106,
              "itemType": 11000,
              "itemName": "@lipstick_juhong",
              "progressMin": 0,
              "progressMax": 100
            },
            {
              "itemId": 107,
              "itemType": 11000,
              "itemName": "@lipstick_zi",
              "progressMin": 0,
              "progressMax": 100
            },
            {
              "itemId": 108,
              "itemType": 11000,
              "itemName": "@lipstick_ju",
              "progressMin": 0,
              "progressMax": 100
            },
            {
              "itemId": 109,
              "itemType": 11000,
              "itemName": "@lipstick_huang",
              "progressMin": 0,
              "progressMax": 100
            }

          ]
        },
        {
          "itemId": 40,
          "itemType": 11000,
          "itemName": "@buffing_blush",
          "itemIconNormal": "blush",
          "itemIconSelected": "blush_selected",
          "progressMin": 0,
          "progressDefault": 30,
          "progressMax": 100
        },
        {
          "itemId": 41,
          "itemType": 11000,
          "itemName": "@buffing_wrinkles",
          "itemIconNormal": "wrinkles",
          "itemIconSelected": "wrinkles_selected",
          "progressMin": 0,
          "progressDefault": 0,
          "progressMax": 100
        },
        {
          "itemId": 42,
          "itemType": 11000,
          "itemName": "@buffing_brighten_face",
          "itemIconNormal": "brightenFace",
          "itemIconSelected": "brightenFace_selected",
          "progressMin": 0,
          "progressDefault": 0,
          "progressMax": 100
        }
      ]
    },
    {
      "tabId": 1,
      "tabType": 12000,
      "tabName": "@beauty_shape",
      "tabColorNormal": "#eeffffff",
      "tabColorSelected": "#20C1DC",
      "tabDefaultSelectedIndex": 2,
      "diyEnable": true,
      "tabItemInfoList": [],
      "tabItemInfoConfig" : [
        {
          "itemId": 1011,
          "itemType": 12000,
          "itemName": "@mode_baseline",
          "itemIconNormal": "faceshpe_config.png",
          "itemIconSelected": "faceshpe_config_selected.png"
        },
        {
          "itemId": 1012,
          "itemType": 12000,
          "itemName": "@mode_main",
          "itemIconNormal": "faceshpe_config.png",
          "itemIconSelected": "faceshpe_config_selected.png"
        },
        {
          "itemId": 1013,
          "itemType": 12000,
          "itemName": "@mode_high",
          "itemIconNormal": "faceshpe_config.png",
          "itemIconSelected": "faceshpe_config_selected.png"
        },
        {
          "itemId": 1014,
          "itemType": 12000,
          "itemName": "@mode_max",
          "itemIconNormal": "faceshpe_config.png",
          "itemIconSelected": "faceshpe_config_selected.png"
        }
      ]
    },
    {
      "tabId": 1,
      "tabType": 14000,
      "tabName": "@filter_lut",
      "tabColorNormal": "#eeffffff",
      "tabColorSelected": "#20C1DC",
      "tabDefaultSelectedIndex": 0,
      "tabItemInfoList": []
    },
    {
      "tabId": 1,
      "tabType": 15000,
      "tabName": "@face_sticker",
      "tabColorNormal": "#eeffffff",
      "tabColorSelected": "#20C1DC",
      "tabDefaultSelectedIndex": 0,
      "tabItemInfoList": []
    },
    {
      "tabId": 1,
      "tabType": 23000,
      "tabName": "@face_effects",
      "tabColorNormal": "#eeffffff",
      "tabColorSelected": "#20C1DC",
      "tabDefaultSelectedIndex": 0,
      "tabItemInfoList": [
        {
          "itemId": 1,
          "itemType": 23000,
          "itemName": "@face_mosaicing",
          "itemIconNormal": "@face_mosaicing.png",
          "itemIconSelected": "@focus",
          "progressMin": 0,
          "progressMax": 100
        },
        {
          "itemId": 2,
          "itemType": 23000,
          "itemName": "@face_mask",
          "itemIconNormal": "#sticker_1/icon.png",
          "itemIconSelected": "@focus"
        },
        {
          "itemId": 3,
          "itemType": 23000,
          "itemName": "@face_mask",
          "itemIconNormal": "#sticker_2/icon.png",
          "itemIconSelected": "@focus"
        }
      ]
    },
    {
      "tabId": 1,
      "tabType": 13000,
      "tabName": "@beauty_makeup",
      "tabColorNormal": "#eeffffff",
      "tabColorSelected": "#20C1DC",
      "tabDefaultSelectedIndex": 0,
      "diyEnable": true,
      "tabItemInfoList": [
        {
          "itemId": 1,
          "itemType": 13000,
          "itemName": "@compose_suyanzhuang",
          "itemIconNormal": "mitao.png",
          "itemIconSelected": "mitao.png",
          "composeDiyConfig": [
            {
              "itemId": 101,
              "subItemInfoIndex": 0,
              "subItemConfigIndex": 0
            },
            {
              "itemId": 103,
              "subItemInfoIndex": 5,
              "subItemConfigIndex": 1
            },
            {
              "itemId": 105,
              "subItemInfoIndex": 0,
              "subItemConfigIndex": 0
            },
            {
              "itemId": 106,
              "subItemInfoIndex": 2,
              "subItemConfigIndex": 6
            },
            {
              "itemId": 107,
              "subItemInfoIndex": 4,
              "subItemConfigIndex": 0
            },
            {
              "itemId": 108,
              "subItemInfoIndex": 4,
              "subItemConfigIndex": 0
            },
            {
              "itemId": 109,
              "subItemInfoIndex": 7,
              "subItemConfigIndex": 0
            }
          ]
        },
        {
          "itemId": 2,
          "itemType": 13000,
          "itemName": "@compose_qingchunzhuang",
          "itemIconNormal": "mitao.png",
          "itemIconSelected": "mitao.png",
          "composeDiyConfig": [
            {
              "itemId": 101,
              "subItemInfoIndex": 0,
              "subItemConfigIndex": 0
            },
            {
              "itemId": 103,
              "subItemInfoIndex": 8,
              "subItemConfigIndex": 0
            },
            {
              "itemId": 105,
              "subItemInfoIndex": 5,
              "subItemConfigIndex": 0
            },
            {
              "itemId": 106,
              "subItemInfoIndex": 3,
              "subItemConfigIndex": 3
            },
            {
              "itemId": 107,
              "subItemInfoIndex": 4,
              "subItemConfigIndex": 0
            },
            {
              "itemId": 108,
              "subItemInfoIndex": 6,
              "subItemConfigIndex": 0
            },
            {
              "itemId": 109,
              "subItemInfoIndex": 4,
              "subItemConfigIndex": 0
            }
          ]
        },
        {
          "itemId": 3,
          "itemType": 13000,
          "itemName": "@compose_fuguzhuang",
          "itemIconNormal": "mitao.png",
          "itemIconSelected": "mitao.png",
          "composeDiyConfig": [
            {
              "itemId": 101,
              "subItemInfoIndex": 0,
              "subItemConfigIndex": 0
            },
            {
              "itemId": 103,
              "subItemInfoIndex": 0,
              "subItemConfigIndex": 0
            },
            {
              "itemId": 105,
              "subItemInfoIndex": 8,
              "subItemConfigIndex": 0
            },
            {
              "itemId": 106,
              "subItemInfoIndex": 5,
              "subItemConfigIndex": 6
            },
            {
              "itemId": 107,
              "subItemInfoIndex": 10,
              "subItemConfigIndex": 0
            },
            {
              "itemId": 108,
              "subItemInfoIndex": 3,
              "subItemConfigIndex": 0
            },
            {
              "itemId": 109,
              "subItemInfoIndex": 1,
              "subItemConfigIndex": 0
            }
          ]
        },
        {
          "itemId": 4,
          "itemType": 13000,
          "itemName": "@compose_shunvzhuang",
          "itemIconNormal": "mitao.png",
          "itemIconSelected": "mitao.png",
          "composeDiyConfig": [
            {
              "itemId": 101,
              "subItemInfoIndex": 0,
              "subItemConfigIndex": 0
            },
            {
              "itemId": 103,
              "subItemInfoIndex": 7,
              "subItemConfigIndex": 1
            },
            {
              "itemId": 105,
              "subItemInfoIndex": 5,
              "subItemConfigIndex": 0
            },
            {
              "itemId": 106,
              "subItemInfoIndex": 2,
              "subItemConfigIndex": 4
            },
            {
              "itemId": 107,
              "subItemInfoIndex": 2,
              "subItemConfigIndex": 0
            },
            {
              "itemId": 108,
              "subItemInfoIndex": 2,
              "subItemConfigIndex": 0
            },
            {
              "itemId": 109,
              "subItemInfoIndex": 6,
              "subItemConfigIndex": 0
            }
          ]
        }
      ],
      "diyItemInfoList": [
        {
          "itemId": 103,
          "itemType": 13000,
          "itemName": "@mouth",
          "itemIconNormal": "mouth.png",
          "itemIconSelected": "mouth_selected.png",
          "subItemInfosList" : [
            {
              "itemId": 103,
              "itemType": 13000,
              "itemName": "@jiangguose.3.3",
              "itemIconNormal": "mouth_jiangguose.png",
              "progressMin": 0,
              "progressDefault": 30,
              "progressMax": 100
            },
            {
              "itemId": 103,
              "itemType": 13000,
              "itemName": "@guimeihong.3.3",
              "itemIconNormal": "mouth_guimeihong.png",
              "progressMin": 0,
              "progressDefault": 30,
              "progressMax": 100
            },
            {
              "itemId": 103,
              "itemType": 13000,
              "itemName": "@nanguase.3.3",
              "itemIconNormal": "mouth_nanguase.png",
              "progressMin": 0,
              "progressDefault": 30,
              "progressMax": 100
            },
            {
              "itemId": 103,
              "itemType": 13000,
              "itemName": "@zimeigui.3.3",
              "itemIconNormal": "mouth_zimeigui.png",
              "progressMin": 0,
              "progressDefault": 30,
              "progressMax": 100
            },
            {
              "itemId": 103,
              "itemType": 13000,
              "itemName": "@fuguse.3.3",
              "itemIconNormal": "mouth_fuguse.png",
              "progressMin": 0,
              "progressDefault": 30,
              "progressMax": 100
            },
            {
              "itemId": 103,
              "itemType": 13000,
              "itemName": "@shiliuhong.3.3",
              "itemIconNormal": "mouth_shiliuhong.png",
              "progressMin": 0,
              "progressDefault": 30,
              "progressMax": 100
            },
            {
              "itemId": 103,
              "itemType": 13000,
              "itemName": "@yimahong.3.3",
              "itemIconNormal": "mouth_yimahong.png",
              "progressMin": 0,
              "progressDefault": 30,
              "progressMax": 100
            },
            {
              "itemId": 103,
              "itemType": 13000,
              "itemName": "@standout.3.3",
              "itemIconNormal": "mouth_standout.png",
              "progressMin": 0,
              "progressDefault": 30,
              "progressMax": 100
            },
            {
              "itemId": 103,
              "itemType": 13000,
              "itemName": "@chidousha.3.3",
              "itemIconNormal": "mouth_chidousha.png",
              "progressMin": 0,
              "progressDefault": 30,
              "progressMax": 100
            },
            {
              "itemId": 103,
              "itemType": 13000,
              "itemName": "@anyezi.3.3",
              "itemIconNormal": "mouth_anyezi.png",
              "progressMin": 0,
              "progressDefault": 30,
              "progressMax": 100
            },
            {
              "itemId": 103,
              "itemType": 13000,
              "itemName": "@xingguanghong.3.3",
              "itemIconNormal": "mouth_xingguanghong.png",
              "progressMin": 0,
              "progressDefault": 30,
              "progressMax": 100
            },
            {
              "itemId": 103,
              "itemType": 13000,
              "itemName": "@shipshape.3.3",
              "itemIconNormal": "mouth_shipshape.png",
              "progressMin": 0,
              "progressDefault": 30,
              "progressMax": 100
            }
          ],
          "subItemInfoConfig" : [
            {
              "itemId": 203,
              "itemType": 13000,
              "itemName": "@mouth_wumian",
              "itemIconNormal": "mouth_mode.png",
              "itemIconSelected": "mouth_mode_selected.png"
            },
            {
              "itemId": 203,
              "itemType": 13000,
              "itemName": "@mouth_yaochun",
              "itemIconNormal": "mouth_mode.png",
              "itemIconSelected": "mouth_mode_selected.png"
            },
            {
              "itemId": 203,
              "itemType": 13000,
              "itemName": "@mouth_zirun",
              "itemIconNormal": "mouth_mode.png",
              "itemIconSelected": "mouth_mode_selected.png"
            }
          ]
        },
        {
          "itemId": 104,
          "itemType": 13000,
          "itemName": "@wocan",
          "itemIconNormal": "wocan.png",
          "itemIconSelected": "wocan_selected.png",
          "progressMin": 0,
          "progressMax": 100
        },
        {
          "itemId": 106,
          "itemType": 13000,
          "itemName": "@blush",
          "itemIconNormal": "blush.png",
          "itemIconSelected": "blush_selected.png",
          "subItemInfosList" : [
            {
              "itemId": 106,
              "itemType": 13000,
              "itemName": "@chulian.2.3",
              "itemIconNormal": "blush_chulian.png",
              "progressMin": 0,
              "progressDefault": 30,
              "progressMax": 100
            },
            {
              "itemId": 106,
              "itemType": 13000,
              "itemName": "@blush_wugu.2.3",
              "itemIconNormal": "blush_wugu.png",
              "progressMin": 0,
              "progressDefault": 30,
              "progressMax": 100
            },
            {
              "itemId": 106,
              "itemType": 13000,
              "itemName": "@shaonv.2.3",
              "itemIconNormal": "blush_shaonv.png",
              "progressMin": 0,
              "progressDefault": 30,
              "progressMax": 100
            },
            {
              "itemId": 106,
              "itemType": 13000,
              "itemName": "@chayi.2.3",
              "itemIconNormal": "blush_chayi.png",
              "progressMin": 0,
              "progressDefault": 30,
              "progressMax": 100
            },
            {
              "itemId": 106,
              "itemType": 13000,
              "itemName": "@qiji.2.3",
              "itemIconNormal": "blush_qiji.png",
              "progressMin": 0,
              "progressDefault": 30,
              "progressMax": 100
            },
            {
              "itemId": 106,
              "itemType": 13000,
              "itemName": "@chunqing.2.3",
              "itemIconNormal": "blush_chunqing.png",
              "progressMin": 0,
              "progressDefault": 30,
              "progressMax": 100
            }
          ],
          "subItemInfoConfig" : [
            {
              "itemId": 206,
              "itemType": 13000,
              "itemName": "@blush_color1",
              "itemIconNormal": "blush_color1_mode.png",
              "itemIconSelected": "blush_color1_mode_selected.png"
            },
            {
              "itemId": 206,
              "itemType": 13000,
              "itemName": "@blush_color2",
              "itemIconNormal": "blush_color2_mode.png",
              "itemIconSelected": "blush_color2_mode_selected.png"
            },
            {
              "itemId": 206,
              "itemType": 13000,
              "itemName": "@blush_color3",
              "itemIconNormal": "blush_color3_mode.png",
              "itemIconSelected": "blush_color3_mode_selected.png"
            },
            {
              "itemId": 206,
              "itemType": 13000,
              "itemName": "@blush_color4",
              "itemIconNormal": "blush_color4_mode.png",
              "itemIconSelected": "blush_color4_mode_selected.png"
            },
            {
              "itemId": 206,
              "itemType": 13000,
              "itemName": "@blush_color5",
              "itemIconNormal": "blush_color5_mode.png",
              "itemIconSelected": "blush_color5_mode_selected.png"
            },
            {
              "itemId": 206,
              "itemType": 13000,
              "itemName": "@blush_color6",
              "itemIconNormal": "blush_color6_mode.png",
              "itemIconSelected": "blush_color6_mode_selected.png"
            },
            {
              "itemId": 206,
              "itemType": 13000,
              "itemName": "@blush_color7",
              "itemIconNormal": "blush_color7_mode.png",
              "itemIconSelected": "blush_color7_mode_selected.png"
            }
          ]
        },
        {
          "itemId": 105,
          "itemType": 13000,
          "itemName": "@eyebrow",
          "itemIconNormal": "eyebrow.png",
          "itemIconSelected": "eyebrow_selected.png",
          "subItemInfosList" : [
            {
              "itemId": 105,
              "itemType": 13000,
              "itemName": "@eyebrow__biaozhunmei.2.3",
              "itemIconNormal": "eyebrow_biaozhunmei.png",
              "progressMin": 0,
              "progressDefault": 30,
              "progressMax": 100
            },
            {
              "itemId": 105,
              "itemType": 13000,
              "itemName": "@eyebrow__wanyuemei.2.3",
              "itemIconNormal": "eyebrow_wanyuemei.png",
              "progressMin": 0,
              "progressDefault": 30,
              "progressMax": 100
            },
            {
              "itemId": 105,
              "itemType": 13000,
              "itemName": "@eyebrow__liuxingmei.2.3",
              "itemIconNormal": "eyebrow_liuxingmei.png",
              "progressMin": 0,
              "progressDefault": 30,
              "progressMax": 100
            },
            {
              "itemId": 105,
              "itemType": 13000,
              "itemName": "@eyebrow__xinyuemei.2.3",
              "itemIconNormal": "eyebrow_xinyuemei.png",
              "progressMin": 0,
              "progressDefault": 30,
              "progressMax": 100
            },
            {
              "itemId": 105,
              "itemType": 13000,
              "itemName": "@eyebrow__yuanshanmei.2.3",
              "itemIconNormal": "eyebrow_yuanshanmei.png",
              "progressMin": 0,
              "progressDefault": 30,
              "progressMax": 100
            },
            {
              "itemId": 105,
              "itemType": 13000,
              "itemName": "@eyebrow__liuyemei.2.3",
              "itemIconNormal": "eyebrow_liuyemei.png",
              "progressMin": 0,
              "progressDefault": 30,
              "progressMax": 100
            },
            {
              "itemId": 105,
              "itemType": 13000,
              "itemName": "@eyebrow__qiubomei.2.3",
              "itemIconNormal": "eyebrow_qiubomei.png",
              "progressMin": 0,
              "progressDefault": 30,
              "progressMax": 100
            },
            {
              "itemId": 105,
              "itemType": 13000,
              "itemName": "@eyebrow__cupingmei.2.3",
              "itemIconNormal": "eyebrow_cupingmei.png",
              "progressMin": 0,
              "progressDefault": 30,
              "progressMax": 100
            },
            {
              "itemId": 105,
              "itemType": 13000,
              "itemName": "@eyebrow__juanyanmei.2.3",
              "itemIconNormal": "eyebrow_juanyanmei.png",
              "progressMin": 0,
              "progressDefault": 30,
              "progressMax": 100
            },
            {
              "itemId": 105,
              "itemType": 13000,
              "itemName": "@eyebrow__yeshengmei.2.3",
              "itemIconNormal": "eyebrow_yeshengmei.png",
              "progressMin": 0,
              "progressDefault": 30,
              "progressMax": 100
            }
          ],
          "subItemInfoConfig" : [
            {
              "itemId": 205,
              "itemType": 13000,
              "itemName": "@mode_baseline",
              "itemIconNormal": "eyebrow_mode_normal.png",
              "itemIconSelected": "eyebrow_mode_selected.png"
            },
            {
              "itemId": 205,
              "itemType": 13000,
              "itemName": "@mode_high",
              "itemIconNormal": "eyebrow_mode_normal.png",
              "itemIconSelected": "eyebrow_mode_selected.png"
            }
          ]
        },
        {
          "itemId": 101,
          "itemType": 13000,
          "itemName": "@highlight__highlight.2.13",
          "itemIconNormal": "highlight.png",
          "itemIconSelected": "highlight_selected.png",
          "progressMin": 0,
          "progressMax": 100
        },
        {
          "itemId": 107,
          "itemType": 13000,
          "itemName": "@eyeshadow",
          "itemIconNormal": "eyeshadow.png",
          "itemIconSelected": "eyeshadow_selected.png",
          "subItemInfosList" : [
            {
              "itemId": 107,
              "itemType": 13000,
              "itemName": "@eyeshadow__yanfense.3.3",
              "itemIconNormal": "eyeshadow_yanfense.png",
              "progressMin": 0,
              "progressDefault": 30,
              "progressMax": 100
            },
            {
              "itemId": 107,
              "itemType": 13000,
              "itemName": "@eyeshadow__dadise.3.3",
              "itemIconNormal": "eyeshadow_dadise.png",
              "progressMin": 0,
              "progressDefault": 30,
              "progressMax": 100
            },
            {
              "itemId": 107,
              "itemType": 13000,
              "itemName": "@eyeshadow__xingguangfen.3.3",
              "itemIconNormal": "eyeshadow_xingguangfen.png",
              "progressMin": 0,
              "progressDefault": 30,
              "progressMax": 100
            },
            {
              "itemId": 107,
              "itemType": 13000,
              "itemName": "@eyeshadow__tianchengse.2.3",
              "itemIconNormal": "eyeshadow_tianchengse.png",
              "progressMin": 0,
              "progressDefault": 30,
              "progressMax": 100
            },
            {
              "itemId": 107,
              "itemType": 13000,
              "itemName": "@eyeshadow__fangtangfen.3.3",
              "itemIconNormal": "eyeshadow_fangtangfen.png",
              "progressMin": 0,
              "progressDefault": 30,
              "progressMax": 100
            },
            {
              "itemId": 107,
              "itemType": 13000,
              "itemName": "@eyeshadow__pengkezong.3.3",
              "itemIconNormal": "eyeshadow_pengkezong.png",
              "progressMin": 0,
              "progressDefault": 30,
              "progressMax": 100
            },
            {
              "itemId": 107,
              "itemType": 13000,
              "itemName": "@eyeshadow__huoliju.3.3",
              "itemIconNormal": "eyeshadow_huoliju.png",
              "progressMin": 0,
              "progressDefault": 30,
              "progressMax": 100
            },
            {
              "itemId": 107,
              "itemType": 13000,
              "itemName": "@eyeshadow__jinzongse.3.3",
              "itemIconNormal": "eyeshadow_jinzongse.png",
              "progressMin": 0,
              "progressDefault": 30,
              "progressMax": 100
            },
            {
              "itemId": 107,
              "itemType": 13000,
              "itemName": "@eyeshadow__fuguse.3.3",
              "itemIconNormal": "eyeshadow_fuguse.png",
              "progressMin": 0,
              "progressDefault": 30,
              "progressMax": 100
            },
            {
              "itemId": 107,
              "itemType": 13000,
              "itemName": "@eyeshadow__yeqiangwei.3.3",
              "itemIconNormal": "eyeshadow_yeqiangwei.png",
              "progressMin": 0,
              "progressDefault": 30,
              "progressMax": 100
            },
            {
              "itemId": 107,
              "itemType": 13000,
              "itemName": "@eyeshadow__yuanqicheng.3.3",
              "itemIconNormal": "eyeshadow_yuanqicheng.png",
              "progressMin": 0,
              "progressDefault": 30,
              "progressMax": 100
            }
          ]
        },
        {
          "itemId": 108,
          "itemType": 13000,
          "itemName": "@eyeliner",
          "itemIconNormal": "eyeliner.png",
          "itemIconSelected": "eyeliner_selected.png",
          "subItemInfosList" : [
            {
              "itemId": 108,
              "itemType": 13000,
              "itemName": "@wugu.2.3",
              "itemIconNormal": "eyeliner_wugu.png",
              "progressMin": 0,
              "progressDefault": 30,
              "progressMax": 100
            },
            {
              "itemId": 108,
              "itemType": 13000,
              "itemName": "@qizhi.2.3",
              "itemIconNormal": "eyeliner_qizhi.png",
              "progressMin": 0,
              "progressDefault": 30,
              "progressMax": 100
            },
            {
              "itemId": 108,
              "itemType": 13000,
              "itemName": "@lingdong.2.3",
              "itemIconNormal": "eyeliner_lingdong.png",
              "progressMin": 0,
              "progressDefault": 30,
              "progressMax": 100
            },
            {
              "itemId": 108,
              "itemType": 13000,
              "itemName": "@wenrou.2.3",
              "itemIconNormal": "eyeliner_wenrou.png",
              "progressMin": 0,
              "progressDefault": 30,
              "progressMax": 100
            },
            {
              "itemId": 108,
              "itemType": 13000,
              "itemName": "@xiaoyemao.2.3",
              "itemIconNormal": "eyeliner_xiaoyemao.png",
              "progressMin": 0,
              "progressDefault": 30,
              "progressMax": 100
            },
            {
              "itemId": 108,
              "itemType": 13000,
              "itemName": "@dayan.2.3",
              "itemIconNormal": "eyeliner_dayan.png",
              "progressMin": 0,
              "progressDefault": 30,
              "progressMax": 100
            },
            {
              "itemId": 108,
              "itemType": 13000,
              "itemName": "@juanqiao.2.3",
              "itemIconNormal": "eyeliner_juanqiao.png",
              "progressMin": 0,
              "progressDefault": 30,
              "progressMax": 100
            },
            {
              "itemId": 108,
              "itemType": 13000,
              "itemName": "@guima.2.3",
              "itemIconNormal": "eyeliner_guima.png",
              "progressMin": 0,
              "progressDefault": 30,
              "progressMax": 100
            },
            {
              "itemId": 108,
              "itemType": 13000,
              "itemName": "@zhongxing.2.3",
              "itemIconNormal": "eyeliner_zhongxing.png",
              "progressMin": 0,
              "progressDefault": 30,
              "progressMax": 100
            },
            {
              "itemId": 108,
              "itemType": 13000,
              "itemName": "@keai.2.3",
              "itemIconNormal": "eyeliner_keai.png",
              "progressMin": 0,
              "progressDefault": 30,
              "progressMax": 100
            }
          ],
          "subItemInfoConfig" : [
            {
              "itemId": 208,
              "itemType": 13000,
              "itemName": "@eyeliner_292929",
              "itemIconNormal": "eyeliner_292929.png",
              "itemIconSelected": "eyeliner_292929_selected.png"
            },
            {
              "itemId": 208,
              "itemType": 13000,
              "itemName": "@eyeliner_5B443E",
              "itemIconNormal": "eyeliner_5B443E.png",
              "itemIconSelected": "eyeliner_5B443E_selected.png"
            },
            {
              "itemId": 208,
              "itemType": 13000,
              "itemName": "@eyeliner_4F423E",
              "itemIconNormal": "eyeliner_4F423E.png",
              "itemIconSelected": "eyeliner_4F423E_selected.png"
            },
            {
              "itemId": 208,
              "itemType": 13000,
              "itemName": "@eyeliner_3C2F2C",
              "itemIconNormal": "eyeliner_3C2F2C.png",
              "itemIconSelected": "eyeliner_3C2F2C_selected.png"
            }
          ]
        },
        {
          "itemId": 109,
          "itemType": 13000,
          "itemName": "@eyelash",
          "itemIconNormal": "eyelash.png",
          "itemIconSelected": "eyelash_selected.png",
          "subItemInfosList" : [
            {
              "itemId": 109,
              "itemType": 13000,
              "itemName": "@eyelash__zhixing.2.3",
              "itemIconNormal": "eyelash_zhixing.png",
              "progressMin": 0,
              "progressDefault": 30,
              "progressMax": 100
            },
            {
              "itemId": 109,
              "itemType": 13000,
              "itemName": "@eyelash__jichu.2.3",
              "itemIconNormal": "eyelash_jichu.png",
              "progressMin": 0,
              "progressDefault": 30,
              "progressMax": 100
            },
            {
              "itemId": 109,
              "itemType": 13000,
              "itemName": "@eyelash__keai.2.3",
              "itemIconNormal": "eyelash_keai.png",
              "progressMin": 0,
              "progressDefault": 30,
              "progressMax": 100
            },
            {
              "itemId": 109,
              "itemType": 13000,
              "itemName": "@eyelash__yesheng.2.3",
              "itemIconNormal": "eyelash_yesheng.png",
              "progressMin": 0,
              "progressDefault": 30,
              "progressMax": 100
            },
            {
              "itemId": 109,
              "itemType": 13000,
              "itemName": "@eyelash__lingdong.2.3",
              "itemIconNormal": "eyelash_lingdong.png",
              "progressMin": 0,
              "progressDefault": 30,
              "progressMax": 100
            },
            {
              "itemId": 109,
              "itemType": 13000,
              "itemName": "@eyelash__chenjing.2.3",
              "itemIconNormal": "eyelash_chenjing.png",
              "progressMin": 0,
              "progressDefault": 30,
              "progressMax": 100
            },
            {
              "itemId": 109,
              "itemType": 13000,
              "itemName": "@eyelash__wugu.2.3",
              "itemIconNormal": "eyelash_wugu.png",
              "progressMin": 0,
              "progressDefault": 30,
              "progressMax": 100
            },
            {
              "itemId": 109,
              "itemType": 13000,
              "itemName": "@eyelash__ziran.2.3",
              "itemIconNormal": "eyelash_ziran.png",
              "progressMin": 0,
              "progressDefault": 30,
              "progressMax": 100
            },
            {
              "itemId": 109,
              "itemType": 13000,
              "itemName": "@eyelash__shaonv.2.3",
              "itemIconNormal": "eyelash_shaonv.png",
              "progressMin": 0,
              "progressDefault": 30,
              "progressMax": 100
            },
            {
              "itemId": 109,
              "itemType": 13000,
              "itemName": "@eyelash__huopo.2.3",
              "itemIconNormal": "eyelash_huopo.png",
              "progressMin": 0,
              "progressDefault": 30,
              "progressMax": 100
            }
          ]
        }
      ]
    },
    {
      "tabId": 1,
      "tabType": 19000,
      "tabName": "@beauty_body",
      "tabColorNormal": "#eeffffff",
      "tabColorSelected": "#20C1DC",
      "diyEnable": true,
      "tabDefaultSelectedIndex": 0,
      "tabItemInfoList": []
    },
    {
      "tabId": 1,
      "tabType": 22000,
      "tabName": "@hair_recolor",
      "tabColorNormal": "#eeffffff",
      "tabColorSelected": "#20C1DC",
      "tabDefaultSelectedIndex": 0,
      "tabItemInfoList": []
    }
  ],
  "scenesList": [
    {
      "tabId": 1,
      "tabType": 10000,
      "tabName": "@background_ai",
      "tabColorNormal": "#eeffffff",
      "tabColorSelected": "#20C1DC",
      "tabDefaultSelectedIndex": 0,
      "tabItemInfoList": [
        {
          "itemId": 1,
          "itemType": 10000,
          "itemName": "@general",
          "itemIconNormal": "@beauty_ic_smooth",
          "itemIconSelected": "@focus"
        },
        {
          "itemId": 2,
          "itemType": 10000,
          "itemName": "@online",
          "itemIconNormal": "@beauty_ic_smooth",
          "itemIconSelected": "@focus"
        },
        {
          "itemId": 3,
          "itemType": 10000,
          "itemName": "@recreation",
          "itemIconNormal": "@beauty_ic_smooth",
          "itemIconSelected": "@focus"
        },
        {
          "itemId": 4,
          "itemType": 10000,
          "itemName": "@education",
          "itemIconNormal": "@beauty_ic_smooth",
          "itemIconSelected": "@focus"
        }
      ]
    }

  ]
}
