{"version":"2.0.14","mediaAIVersion":200,"aspect":"9:16","type":"sticker","modules":[{"id":"Sticker-2","module":"Sticker","zorder":1,"images":["resource/0836c.png","resource/afadb.png"],"fps":6,"position":[-20.647919,70.45617700000003],"size":[747,1008],"rotation":0,"opacity":255,"blendtype":0,"segment":0,"scale":[1.992,1.984251968503937],"follow":{"type":"face_rig","part":1},"play":{"type":"always","times":5,"duration":5},"trigger":{"triggerType":"face","triggerName":"FACE_APPEAR"},"start":{},"end":{}}]}
