{"version":"1.0.0","aspect":"9:16","type":"sticker","modules":[{"id":"Sticker-1","module":"Sticker","fps":15,"rotation":0,"opacity":255,"blendtype":0,"images":["resource/2dc1e.png","resource/52ca0.png","resource/7839d.png","resource/e19f8.png","resource/2bc8d.png","resource/f186e.png","resource/efb0b.png","resource/9cfc6.png","resource/3dfe5.png","resource/d5151.png","resource/92690.png","resource/c5fcb.png","resource/d4e70.png","resource/ec83c.png","resource/68b14.png","resource/68b14.png","resource/68b14.png","resource/68b14.png","resource/68b14.png"],"position":[-33.04101600000001,160.628418],"size":[548,589],"scale":[1.37,1.369767441860465],"follow":{"type":"face_rig","part":4},"play":{"type":"always","times":5,"duration":5},"start":{"animation":{"action":"Sequene","actionList":[{"action":"FadeOut","duration":0},{"action":"Delay","duration":0},{"action":"FadeTo","duration":0,"opacity":255},{"action":"Sequene","actionList":[{"action":"FadeFromTo","duration":0,"fromOpacity":0,"toOpacity":255}]}]}},"end":{"animation":{"action":"Sequene","actionList":[{"action":"Delay","duration":0},{"action":"Sequene","actionList":[{"action":"FadeOut","duration":0}]}]}}}]}
