{"version":"1.0.0","aspect":"9:16","type":"sticker","modules":[{"id":"Sticker-1","module":"Sticker","fps":15,"rotation":0,"opacity":255,"blendtype":0,"images":["resource/96956.png","resource/36d33.png","resource/79d6d.png","resource/7ae19.png","resource/fbc8c.png","resource/a2a81.png","resource/91cb0.png","resource/274ef.png","resource/b4053.png","resource/ca217.png","resource/d318b.png","resource/bcb62.png","resource/5a080.png","resource/b1777.png","resource/01a77.png","resource/5a080.png","resource/b1777.png","resource/01a77.png","resource/5a080.png","resource/b1777.png"],"position":[-11.605835000000013,-46.81781000000001],"size":[752,1288],"scale":[2.8702290076335877,2.862222222222222],"follow":{"type":"face_rig","part":2},"play":{"type":"always","times":5,"duration":5},"start":{"animation":{"action":"Sequene","actionList":[{"action":"FadeOut","duration":0},{"action":"Delay","duration":0},{"action":"FadeTo","duration":0,"opacity":255},{"action":"Sequene","actionList":[{"action":"FadeFromTo","duration":0,"fromOpacity":0,"toOpacity":255}]}]}},"end":{"animation":{"action":"Sequene","actionList":[{"action":"Delay","duration":0},{"action":"Sequene","actionList":[{"action":"FadeOut","duration":0}]}]}}}]}
