{"version":"2.0.14","mediaAIVersion":200,"aspect":"9:16","type":"sticker","modules":[{"id":"Sticker-2","module":"Sticker","zorder":1,"images":["resource/9d9f8.png","resource/3c84f.png"],"fps":7,"position":[-0.6479190000000017,94.45617700000003],"size":[376,68],"rotation":0,"opacity":255,"blendtype":0,"segment":0,"scale":[2.0434782608695654,1.7894736842105263],"follow":{"type":"face_rig","part":1},"play":{"type":"always","times":5,"duration":5},"trigger":{"triggerType":"face","triggerName":"FACE_APPEAR"},"start":{},"end":{}}]}
