{"version":"2.0.14","mediaAIVersion":200,"aspect":"9:16","type":"sticker","modules":[{"id":"Sticker-2","module":"Sticker","zorder":1,"images":["resource/ae4e4.png","resource/9749e.png"],"fps":7,"position":[0,12],"size":[720,1254],"rotation":0,"opacity":255,"blendtype":0,"segment":0,"scale":[1.92,1.9292307692307693],"follow":{"type":"fixed_anchor","part":0,"fitMode":5},"play":{"type":"always","times":5,"duration":5},"trigger":{"triggerType":"face","triggerName":"FACE_APPEAR"},"start":{},"end":{}}]}
