{"version":"2.0.14","mediaAIVersion":200,"aspect":"9:16","type":"sticker","modules":[{"id":"Sticker-3","module":"Sticker","zorder":1,"images":["resource/ea83f.png","resource/8a5e9.png"],"fps":10,"position":[-12.766417999999987,226.617188],"size":[688,1008],"rotation":0,"opacity":255,"blendtype":0,"segment":0,"scale":[1.8346666666666667,1.8294010889292196],"follow":{"type":"face_rig","part":0},"play":{"type":"always","times":5,"duration":5},"trigger":{"triggerType":"face","triggerName":"FACE_APPEAR"},"start":{},"end":{}}]}
