{"version":"2.0.14","mediaAIVersion":200,"aspect":"9:16","type":"sticker","modules":[{"id":"Sticker-2","module":"Sticker","zorder":1,"images":["resource/44572.png","resource/07d12.png"],"fps":6,"position":[-8.647919000000002,-96.54382299999997],"size":[695,586],"rotation":0,"opacity":255,"blendtype":0,"segment":0,"scale":[1.8533333333333333,1.8544303797468353],"follow":{"type":"face_rig","part":1},"play":{"type":"always","times":5,"duration":5},"trigger":{"triggerType":"face","triggerName":"FACE_APPEAR"},"start":{},"end":{}}]}
