{"version":"2.0.14","mediaAIVersion":200,"aspect":"9:16","type":"sticker","modules":[{"id":"Sticker-2","module":"Sticker","zorder":1,"images":["resource/3aec3.png","resource/8c7a2.png"],"fps":6,"position":[-1.6479190000000017,33.456177000000025],"size":[677,249],"rotation":0,"opacity":255,"blendtype":0,"segment":0,"scale":[1.8053333333333332,1.79136690647482],"follow":{"type":"face_rig","part":1},"play":{"type":"always","times":5,"duration":5},"trigger":{"triggerType":"face","triggerName":"FACE_APPEAR"},"start":{},"end":{}}]}
