{"version":"1.0.0","aspect":"9:16","type":"sticker","modules":[{"id":"Sticker-1","module":"Sticker","fps":15,"rotation":0,"opacity":255,"blendtype":0,"images":["resource/11803.png","resource/7f675.png","resource/2a1c5.png","resource/539ad.png","resource/bc5c6.png","resource/0ac1a.png","resource/fd050.png","resource/0bd19.png","resource/6d3a6.png","resource/3c663.png","resource/ee9ed.png","resource/073df.png","resource/0c595.png","resource/27953.png","resource/ebf1e.png","resource/8271b.png","resource/59966.png","resource/f7396.png","resource/5839a.png","resource/0a6a8.png","resource/e03d1.png","resource/7af5c.png","resource/9761f.png","resource/f3969.png","resource/1b7f3.png","resource/55ddf.png"],"position":[4.352080999999998,-11.543822999999975],"size":[602,398],"scale":[2.006666666666667,1.99],"follow":{"type":"face_rig","part":1},"play":{"type":"always","times":5,"duration":5},"start":{"animation":{"action":"Sequene","actionList":[{"action":"FadeOut","duration":0},{"action":"Delay","duration":0},{"action":"FadeTo","duration":0,"opacity":255},{"action":"Sequene","actionList":[{"action":"FadeFromTo","duration":0,"fromOpacity":0,"toOpacity":255}]}]}},"end":{"animation":{"action":"Sequene","actionList":[{"action":"Delay","duration":0},{"action":"Sequene","actionList":[{"action":"FadeOut","duration":0}]}]}}}]}
