{"version":"1.0.0","aspect":"9:16","type":"sticker","modules":[{"id":"Sticker-1","module":"Sticker","fps":15,"rotation":0,"opacity":255,"blendtype":0,"images":["resource/dbb14.png","resource/4aa10.png","resource/6faa4.png","resource/4cae7.png","resource/16893.png","resource/fc4d2.png","resource/2d94b.png","resource/3e8a8.png","resource/65a7f.png","resource/43a99.png","resource/16554.png","resource/1c5f8.png","resource/1c5f8.png","resource/1c5f8.png","resource/1c5f8.png","resource/1c5f8.png","resource/1c5f8.png","resource/1c5f8.png","resource/1c5f8.png","resource/1c5f8.png"],"position":[-6.766417999999987,-227.382812],"size":[1035,802],"scale":[2.5875,2.587096774193548],"follow":{"type":"face_rig","part":0},"play":{"type":"always","times":5,"duration":5},"start":{"animation":{"action":"Sequene","actionList":[{"action":"FadeOut","duration":0},{"action":"Delay","duration":0},{"action":"FadeTo","duration":0,"opacity":255},{"action":"Sequene","actionList":[{"action":"FadeFromTo","duration":0,"fromOpacity":0,"toOpacity":255}]}]}},"end":{"animation":{"action":"Sequene","actionList":[{"action":"Delay","duration":0},{"action":"Sequene","actionList":[{"action":"FadeOut","duration":0}]}]}}}]}
