{"version":"1.0.0","aspect":"9:16","type":"sticker","modules":[{"id":"Sticker-1","module":"Sticker","fps":15,"rotation":0,"opacity":255,"blendtype":0,"images":["resource/ee99b.png","resource/f5baf.png","resource/ca3ca.png","resource/caf9c.png","resource/37513.png","resource/1af63.png","resource/f3e1b.png","resource/5e5be.png","resource/fb8a7.png","resource/c4c6d.png"],"position":[-6.766417999999987,288.617188],"size":[795,1055],"scale":[1.6224489795918366,1.623076923076923],"follow":{"type":"face_rig","part":0},"play":{"type":"always","times":5,"duration":5},"start":{"animation":{"action":"Sequene","actionList":[{"action":"FadeOut","duration":0},{"action":"Delay","duration":0},{"action":"FadeTo","duration":0,"opacity":255},{"action":"Sequene","actionList":[{"action":"FadeFromTo","duration":0,"fromOpacity":0,"toOpacity":255}]}]}},"end":{"animation":{"action":"Sequene","actionList":[{"action":"Delay","duration":0},{"action":"Sequene","actionList":[{"action":"FadeOut","duration":0}]}]}}}]}
