{"version":"2.0.14","mediaAIVersion":200,"aspect":"9:16","type":"sticker","modules":[{"id":"Sticker-1","module":"Sticker","zorder":1,"images":["resource/6a4df.png","resource/725e3.png"],"fps":6,"position":[-2.7482909999999947,-214.57238800000005],"size":[908,1621],"rotation":0,"opacity":255,"blendtype":0,"segment":0,"scale":[2.421333333333333,2.4302848575712144],"follow":{"type":"face_rig","part":6},"play":{"type":"always","times":5,"duration":5},"trigger":{"triggerType":"face","triggerName":"FACE_APPEAR"},"start":{},"end":{}}]}
