{"version":"2.0.14","mediaAIVersion":200,"aspect":"9:16","type":"sticker","modules":[{"id":"Sticker-1","module":"Sticker","zorder":1,"images":["resource/a36e2.png","resource/bfdc3.png"],"fps":6,"position":[-12.647919000000002,238.45617700000003],"size":[817,1451],"rotation":0,"opacity":255,"blendtype":0,"segment":0,"scale":[2.1786666666666665,2.1754122938530736],"follow":{"type":"face_rig","part":1},"play":{"type":"always","times":5,"duration":5},"trigger":{"triggerType":"face","triggerName":"FACE_APPEAR"},"start":{},"end":{}}]}
