{"version":"2.0.14","mediaAIVersion":200,"aspect":"9:16","type":"sticker","modules":[{"id":"Sticker-1","module":"Sticker","zorder":1,"images":["resource/8e634.png","resource/bc566.png"],"fps":7,"position":[-12.766417999999987,373.617188],"size":[756,1343],"rotation":0,"opacity":255,"blendtype":0,"segment":0,"scale":[2.016,2.0134932533733134],"follow":{"type":"face_rig","part":0},"play":{"type":"always","times":5,"duration":5},"trigger":{"triggerType":"face","triggerName":"FACE_APPEAR"},"start":{},"end":{}}]}
