{"version":"2.0.14","mediaAIVersion":200,"aspect":"9:16","type":"sticker","modules":[{"id":"Sticker-1","module":"Sticker","zorder":1,"images":["resource/3fab0.png","resource/59a30.png"],"fps":7,"position":[10.233582000000013,300.617188],"size":[910,1617],"rotation":0,"opacity":255,"blendtype":0,"segment":0,"scale":[2.4266666666666667,2.424287856071964],"follow":{"type":"face_rig","part":0},"play":{"type":"always","times":5,"duration":5},"trigger":{"triggerType":"face","triggerName":"FACE_APPEAR"},"start":{},"end":{}}]}
