{"version":"2.0.14","mediaAIVersion":200,"aspect":"9:16","type":"sticker","modules":[{"id":"Sticker-2","module":"Sticker","zorder":1,"images":["resource/21ff6.png","resource/28420.png"],"fps":6,"position":[-11.605835000000013,-267.81781],"size":[756,616],"rotation":0,"opacity":255,"blendtype":0,"segment":0,"scale":[2.016,2.019672131147541],"follow":{"type":"face_rig","part":2},"play":{"type":"always","times":5,"duration":5},"trigger":{"triggerType":"face","triggerName":"FACE_APPEAR"},"start":{},"end":{}}]}
