{"version":"2.0.14","mediaAIVersion":200,"aspect":"9:16","type":"sticker","modules":[{"id":"Sticker-1","module":"Sticker","zorder":1,"images":["resource/d3b67.png","resource/504fa.png"],"fps":5,"position":[362,649],"size":[734,1302],"rotation":0,"opacity":255,"blendtype":0,"segment":0,"scale":[1.9573333333333334,1.952023988005997],"follow":{"type":"fixed_anchor","part":2,"fitMode":1},"play":{"type":"always","times":5,"duration":5},"trigger":{"triggerType":"face","triggerName":"FACE_APPEAR"},"start":{},"end":{}}]}
