{"version":"2.0.14","mediaAIVersion":200,"aspect":"9:16","type":"sticker","modules":[{"id":"Sticker-1","module":"Sticker","zorder":1,"images":["resource/11124.png","resource/79eb5.png"],"fps":6,"position":[-11.605835000000013,102.18218999999999],"size":[788,1402],"rotation":0,"opacity":255,"blendtype":0,"segment":0,"scale":[2.1013333333333333,2.101949025487256],"follow":{"type":"face_rig","part":2},"play":{"type":"always","times":5,"duration":5},"trigger":{"triggerType":"face","triggerName":"FACE_APPEAR"},"start":{},"end":{}}]}
