{"version":"1.0.0","aspect":"9:16","type":"sticker","modules":[{"id":"Sticker-1","module":"Sticker","fps":15,"rotation":0,"opacity":255,"blendtype":0,"images":["resource/9bb51.png","resource/fae38.png","resource/d6dc0.png","resource/52ce1.png","resource/dee5a.png","resource/52ce1.png","resource/4871a.png","resource/08f1d.png","resource/08f1d.png","resource/8bb8a.png","resource/96645.png","resource/96645.png","resource/0d749.png","resource/ce7ba.png","resource/6ce26.png","resource/ca171.png","resource/8a4f0.png","resource/26f65.png","resource/8a4f0.png","resource/8a4f0.png","resource/26f65.png","resource/8a4f0.png","resource/26f65.png","resource/26f65.png","resource/8a4f0.png","resource/26f65.png","resource/8a4f0.png","resource/8a4f0.png","resource/26f65.png","resource/8a4f0.png","resource/26f65.png","resource/26f65.png","resource/8a4f0.png","resource/26f65.png","resource/8a4f0.png","resource/8a4f0.png","resource/26f65.png","resource/8a4f0.png","resource/26f65.png","resource/26f65.png","resource/8a4f0.png"],"position":[13.958983999999987,201.628418],"size":[697,697],"scale":[1.2907407407407407,1.2907407407407407],"follow":{"type":"face_rig","part":4},"play":{"type":"always","times":5,"duration":5},"start":{"animation":{"action":"Sequene","actionList":[{"action":"FadeOut","duration":0},{"action":"Delay","duration":0},{"action":"FadeTo","duration":0,"opacity":255},{"action":"Sequene","actionList":[{"action":"FadeFromTo","duration":0,"fromOpacity":0,"toOpacity":255}]}]}},"end":{"animation":{"action":"Sequene","actionList":[{"action":"Delay","duration":0},{"action":"Sequene","actionList":[{"action":"FadeOut","duration":0}]}]}}}]}
