{"version":"1.0.0","aspect":"9:16","type":"sticker","modules":[{"id":"Sticker-1","module":"Sticker","fps":15,"rotation":0,"opacity":255,"blendtype":0,"images":["resource/3cd99.png","resource/609fc.png","resource/fbdcf.png","resource/5891e.png","resource/cee60.png","resource/6ce54.png","resource/95d69.png","resource/51f83.png","resource/03357.png","resource/e5a73.png","resource/16ebe.png","resource/d0eb0.png","resource/0d2de.png","resource/b1793.png","resource/2c660.png","resource/9cc45.png","resource/38fc1.png","resource/5e510.png","resource/16ebe.png","resource/b45ca.png","resource/0d2de.png","resource/56183.png","resource/2c660.png","resource/fcdfe.png","resource/38fc1.png","resource/aa7cd.png","resource/16ebe.png","resource/d0eb0.png","resource/0d2de.png","resource/ea85d.png","resource/2c660.png","resource/9cc45.png","resource/38fc1.png","resource/623e8.png","resource/16ebe.png","resource/672ef.png","resource/0d2de.png","resource/b1793.png","resource/2c660.png","resource/9cc45.png","resource/38fc1.png","resource/623e8.png","resource/16ebe.png","resource/b45ca.png","resource/0d2de.png","resource/aa7cd.png","resource/2c660.png","resource/73c93.png","resource/38fc1.png","resource/ea85d.png"],"position":[20.233582000000013,-52.382812],"size":[1089,1023],"scale":[2.7225,2.720744680851064],"follow":{"type":"face_rig","part":0},"play":{"type":"always","times":5,"duration":5},"start":{"animation":{"action":"Sequene","actionList":[{"action":"FadeOut","duration":0},{"action":"Delay","duration":0},{"action":"FadeTo","duration":0,"opacity":255},{"action":"Sequene","actionList":[{"action":"FadeFromTo","duration":0,"fromOpacity":0,"toOpacity":255}]}]}},"end":{"animation":{"action":"Sequene","actionList":[{"action":"Delay","duration":0},{"action":"Sequene","actionList":[{"action":"FadeOut","duration":0}]}]}}}]}
