{"version":"1.0.0","aspect":"9:16","type":"sticker","modules":[{"id":"Sticker-1","module":"Sticker","fps":15,"rotation":0,"opacity":255,"blendtype":0,"images":["resource/b67e9.png","resource/205b5.png","resource/5fdc8.png","resource/eaed4.png","resource/a8298.png","resource/d1f08.png","resource/e4bac.png","resource/f5936.png","resource/cca0d.png","resource/5672f.png","resource/83a98.png","resource/82739.png","resource/aa713.png","resource/f2d15.png","resource/4ac31.png","resource/9f08a.png","resource/b5e4f.png"],"position":[-53.647919,106.45617700000003],"size":[949,777],"scale":[1.898,1.8997555012224938],"follow":{"type":"face_rig","part":1},"play":{"type":"always","times":5,"duration":5},"start":{"animation":{"action":"Sequene","actionList":[{"action":"FadeOut","duration":0},{"action":"Delay","duration":0},{"action":"FadeTo","duration":0,"opacity":255},{"action":"Sequene","actionList":[{"action":"FadeFromTo","duration":0,"fromOpacity":0,"toOpacity":255}]}]}},"end":{"animation":{"action":"Sequene","actionList":[{"action":"Delay","duration":0},{"action":"Sequene","actionList":[{"action":"FadeOut","duration":0}]}]}}}]}
