{"version":"1.0.0","aspect":"9:16","type":"sticker","modules":[{"id":"Sticker-1","module":"Sticker","fps":15,"rotation":0,"opacity":255,"blendtype":0,"images":["resource/94bbd.png","resource/28c0c.png","resource/a247f.png","resource/7e5ec.png","resource/c5085.png","resource/5a031.png","resource/5e436.png","resource/9f154.png","resource/e1f48.png","resource/7b873.png","resource/933d0.png","resource/0953e.png","resource/b67b4.png","resource/fbf32.png","resource/7f4bc.png","resource/9f97b.png","resource/2da22.png","resource/beb6c.png","resource/30827.png","resource/370d6.png","resource/8b196.png","resource/94c7c.png","resource/38207.png","resource/1774a.png","resource/fd2e1.png","resource/94bbd.png"],"position":[-9.605835000000013,-264.81781],"size":[715,858],"scale":[1.43,1.43],"follow":{"type":"face_rig","part":2},"play":{"type":"always","times":5,"duration":5},"start":{"animation":{"action":"Sequene","actionList":[{"action":"FadeOut","duration":0},{"action":"Delay","duration":0},{"action":"FadeTo","duration":0,"opacity":255},{"action":"Sequene","actionList":[{"action":"FadeFromTo","duration":0,"fromOpacity":0,"toOpacity":255}]}]}},"end":{"animation":{"action":"Sequene","actionList":[{"action":"Delay","duration":0},{"action":"Sequene","actionList":[{"action":"FadeOut","duration":0}]}]}}}]}
