{"version":"1.0.0","aspect":"9:16","type":"sticker","modules":[{"id":"Sticker-1","module":"Sticker","fps":15,"rotation":0,"opacity":255,"blendtype":0,"images":["resource/f966d.png","resource/8a343.png","resource/d40b2.png","resource/92423.png","resource/8344a.png","resource/a4595.png","resource/b4a90.png","resource/fde07.png","resource/7e7a3.png","resource/c3812.png","resource/a024d.png","resource/c8b08.png","resource/4295a.png","resource/472ae.png","resource/2f046.png","resource/ce30e.png","resource/4c0ce.png","resource/b4dd6.png","resource/c243e.png","resource/7df5c.png","resource/502a5.png","resource/45cd4.png","resource/1c7d3.png"],"position":[17.233582000000013,219.617188],"size":[1250,1075],"scale":[1.9230769230769231,1.9196428571428572],"follow":{"type":"face_rig","part":0},"play":{"type":"always","times":5,"duration":5},"start":{"animation":{"action":"Sequene","actionList":[{"action":"FadeOut","duration":0},{"action":"Delay","duration":0},{"action":"FadeTo","duration":0,"opacity":255},{"action":"Sequene","actionList":[{"action":"FadeFromTo","duration":0,"fromOpacity":0,"toOpacity":255}]}]}},"end":{"animation":{"action":"Sequene","actionList":[{"action":"Delay","duration":0},{"action":"Sequene","actionList":[{"action":"FadeOut","duration":0}]}]}}}]}
